command,mean,stddev,median,user,system,min,max
Gviz,9.313230741546667,0.06953363683276848,9.307365393880001,8.72970738,0.3678158266666666,9.24681556088,9.38551126988
karyotyper,8.306008380213333,0.024419189881086885,8.30261239388,7.728135046666666,0.3649731599999999,8.28346493588,8.331947810880001
trackplot,1.5893338802133334,0.028173051151152508,1.5807848528800001,1.3099457133333334,0.18993415999999996,1.56642556088,1.6207912268800002
