command,mean,stddev,median,user,system,min,max
deeptools,63.99644134791333,0.16401268026497853,63.99724379258,62.72746441999999,1.0712370599999999,63.83202891758,64.16005133358
trackplot,2.16787608458,0.008172937583521634,2.16839695958,1.8874654199999998,0.21842139333333332,2.15945516758,2.17577612658
